Date,Close/Last,Volume,Open,High,Low
02/04/2022,58.7,96534410,56.87,60.41,55.89
02/03/2022,56.74,105575000,59.32,61.07,56.12
02/02/2022,64.5,100815200,65.22,65.3697,62.35
02/01/2022,63.01,101845800,62.42,63.35,59.73
01/31/2022,61.83,113751100,57.045,62.0599,56.22
01/28/2022,56.37,167016200,52.4,56.46,50.1
01/27/2022,51.56,161764100,55.4,56.24,51.04
01/26/2022,53.15,207838100,56.99,58.85,51.37
01/25/2022,53.25,173749000,54.15,56.31,51.75
01/24/2022,57.49,255904600,53.845,57.75,48.17
01/21/2022,56.67,171027300,60.62,62.025,56.5
01/20/2022,61.88,86098530,66.02,68.18,61.5
01/19/2022,64.37,91642200,67.36,68.71,64.16
01/18/2022,66.69,78170870,68.485,69.72,66.06
01/14/2022,71.87,89225820,69.09,72.065,69
01/13/2022,70.8,86765910,77.13,77.55,70.02
01/12/2022,76.34,138371180,76.985,77.965,74.94
01/11/2022,75.48,154326820,71.715,75.515,70.52
01/10/2022,72.3,179217400,69.175,72.47,66.05
01/07/2022,72.035,142713480,74.45,75.47,71
01/06/2022,74.47,154226580,73.515,76.405,72.21
01/05/2022,74.675,133245240,81.19,81.86,74.5012
01/04/2022,82.24,106648120,85.915,85.945,80.195
01/03/2022,85.565,76505160,83.915,85.72,82.56
12/31/2021,83.165,60248560,84.315,85.2,82.855
12/30/2021,84.74,56635820,85.385,86.8275,84.385
12/29/2021,85.54,57747340,85.655,86.495,83.9755
12/28/2021,85.675,72412520,87.38,87.49,85.015
12/27/2021,86.695,62981640,83.545,86.765,83.5
12/23/2021,82.74,65654120,81.085,83.645,80.985
12/22/2021,80.82,88611360,77.79,81,77.4116
12/21/2021,78.035,109562440,75.08,78.2245,72.855
12/20/2021,73.145,120932940,72.51,73.625,71.2501
12/17/2021,75.4,150136080,74.415,77.895,73.5
12/16/2021,76.57,148109900,83.505,83.81,75.475
12/15/2021,82.895,134530600,77.48,83.1345,75.015
12/14/2021,77.75,115466760,77.06,78.78,74.915
12/13/2021,80.135,89572600,83.735,83.945,79.89
12/10/2021,83.735,101537700,82.885,83.915,80.89
12/09/2021,81.22,106400960,84.075,85.255,81
12/08/2021,84.885,102621740,83.945,85,82.735
12/07/2021,83.72,135289200,80.885,84.14,80.87
12/06/2021,76.795,152413960,75.295,77.64,72.765
12/03/2021,75.04,240286800,80,80.64,72.465
12/02/2021,79.01,198216460,76.71,80.2595,75.825
12/01/2021,77.55,152057600,84.43,85.81,77.235
11/30/2021,81.745,151293000,84.84,86.395,80.355
11/29/2021,85.415,79465940,83.1,86.08,82.665
11/26/2021,80.42,88841140,83.39,84.32,79.36
11/24/2021,85.115,99120800,82.655,85.28,81.165
11/23/2021,84.335,113012700,84.725,86.085,81.395
11/22/2021,85.5,89522400,89.645,91.68,85.43
11/19/2021,88.57,64607160,88.215,89.4351,87.66
11/18/2021,87.095,86841680,85.84,87.45,84.385
11/17/2021,84.51,57967940,84.605,85.8425,83.895
11/16/2021,84.41,51590800,82.145,84.7041,82.03
11/15/2021,82.7,69729100,83.455,83.655,81.045
11/12/2021,82.725,63820400,80.905,83.035,79.875
11/11/2021,80.18,57719040,81.375,81.495,79.95
11/10/2021,79.535,96976720,81.36,83.2,78.25
11/09/2021,83.18,88118820,85.625,85.8974,82.285
11/08/2021,84.93,56459820,85.25,85.95,84.53
11/05/2021,85.28,85252720,86.23,86.83,84.365
11/04/2021,84.965,80439720,82.715,85.6739,82.365
11/03/2021,81.91,72605220,79.67,82.16,79.035
11/02/2021,79.39,60085620,78.0125,79.685,77.98
11/01/2021,78.345,65022740,77.9,78.465,76.59
10/29/2021,77.58,67257160,74.595,77.7,74.39
10/28/2021,76.45,65368760,75.155,76.625,74.7
10/27/2021,74.02,72533920,73.78,75.86,73.63
10/26/2021,73.44,83987780,74.16,75.5975,72.825
10/25/2021,72.76,59475720,71.494,73.365,70.36
10/22/2021,70.64,70124160,71.735,72.33,69.68
10/21/2021,72.475,46050160,70.7175,72.605,70.565
10/20/2021,71.2,59354860,71.745,72.11,70.34
10/19/2021,71.425,53225360,70.52,71.515,70.14
10/18/2021,69.89,50438260,67.125,70.01,66.79
10/15/2021,67.855,51429060,67.3,67.925,66.71
10/14/2021,66.62,60874920,65.055,66.725,64.7
10/13/2021,63.135,70460680,62.89,63.475,61.8
10/12/2021,61.69,87201740,63.085,63.31,61.305
10/11/2021,62.325,68107660,62.93,64.845,62.2675
10/08/2021,63.74,78566080,65.335,65.461,63.485
10/07/2021,64.735,75407560,64.6625,66.17,64.365
10/06/2021,63.03,117495380,60.13,63.16,59.63
10/05/2021,61.81,81306420,59.985,63,59.8605
10/04/2021,59.52,128617940,62.55,62.7435,58.235
10/01/2021,63.42,104353980,62.625,64.0049,60.42
09/30/2021,62.285,117312020,63.89,64.77,62.04
09/29/2021,62.995,97530600,63.98,65.145,62.65
09/28/2021,63.415,148822900,66.57,66.945,63.035
09/27/2021,69.185,78355460,69.105,69.7,67.7
09/24/2021,70.895,54775200,69.36,71.125,69.15
09/23/2021,70.695,69369580,69.455,71.285,69.085
09/22/2021,68.785,87669420,67.43,69.615,66.805
09/21/2021,66.83,71700640,67.69,68.375,66.295
09/20/2021,66.745,121913640,67.71,68.73,64
09/17/2021,71.12,77325180,73.45,73.465,70.48
09/16/2021,73.725,52615420,72.775,74.0649,71.62
09/15/2021,73.58,55892620,72.245,73.78,70.8825
09/14/2021,71.985,59629160,73.475,73.93,71.41
09/13/2021,72.61,77774680,74.145,74.39,71.38
09/10/2021,72.775,69217740,75.5,75.925,72.555
09/09/2021,74.45,55286760,75.365,76.05,74.295
09/08/2021,75.255,63423020,75.905,75.925,73.855
09/07/2021,76.035,45185340,75.775,76.44,75.08
09/03/2021,75.725,46647400,74.35,75.97,74.33
09/02/2021,75.05,47649420,75.975,76.17,74.3
09/01/2021,75.155,47783960,75.415,76.41,75.035
08/31/2021,74.745,45897940,75.11,75.15,73.845
08/30/2021,74.955,45635200,73,75.26,72.975
08/27/2021,72.55,46159920,70.845,72.8,70.57
08/26/2021,70.49,53502480,71.335,71.755,70.22
08/25/2021,71.705,38063520,71.745,72.2,71.315
08/24/2021,71.625,36343480,71.305,71.97,71.035
08/23/2021,70.925,48266120,68.515,71.35,68.5
08/20/2021,67.9,62541140,66.475,68.135,66.29
08/19/2021,65.865,81623820,63.87,66.8,63.725
08/18/2021,64.94,65042360,66.55,67.36,64.755
08/17/2021,66.885,83197580,67.105,67.675,65.485
08/16/2021,68.69,61320780,67.97,68.715,65.7476
08/13/2021,68.57,36644700,68.09,68.805,67.815
08/12/2021,67.89,39810100,66.905,68.1,66.12
08/11/2021,67.19,46593960,68.25,68.525,66.42
08/10/2021,67.555,53081220,68.885,69.055,66.8575
08/09/2021,68.58,34210900,68.455,68.89,67.84
08/06/2021,68.215,43152980,68.395,68.965,67.5775
08/05/2021,69.115,38670260,68.28,69.24,67.9
08/04/2021,67.84,48428480,67.545,68.38,66.9
08/03/2021,67.505,63417820,66.72,67.6,64.925
08/02/2021,66.35,54559900,67.27,67.595,66.01
07/30/2021,66.37,56559380,65.175,66.675,65.135
07/29/2021,67.38,44319240,66.74,68.06,66.7325
07/28/2021,67.05,71970140,66.93,67.93,65.635
07/27/2021,66.325,89391060,68.415,68.415,63.915
07/26/2021,68.565,42988820,68.01,68.785,67.52
07/23/2021,68.28,51949220,66.85,68.555,66.1475
07/22/2021,66.085,47478700,64.925,66.1,64.9176
07/21/2021,64.725,40881680,63.155,64.795,63
07/20/2021,63.28,60772340,61.72,64.15,60.775
07/19/2021,61.26,101143200,60.905,61.5,59.835
07/16/2021,62.765,63701440,64.8275,65.355,62.585
07/15/2021,64.345,68596480,65.705,65.79,63.23
07/14/2021,65.705,68021340,66.68,67.04,65.275
07/13/2021,65.35,59725000,65.19,67.0337,64.905
07/12/2021,65.385,43563100,65.4,65.6445,64.5292
07/09/2021,64.575,46437760,63.14,64.9,62.815
07/08/2021,63.5,76262140,61.8425,63.93,61.12
07/07/2021,64.62,57637740,65.45,65.61,63.55
07/06/2021,64.21,54799780,63.725,64.38,62.25
07/02/2021,63.36,46751000,62.32,63.575,62.19
07/01/2021,61.28,41917480,61.04,61.5699,60.325
06/30/2021,61.25,40273300,61.445,61.65,60.925
06/29/2021,61.52,37279940,60.78,61.538,60.335
06/28/2021,60.835,44393860,59.385,60.94,59.37
06/25/2021,58.755,43496560,59.245,59.375,58.425
06/24/2021,58.94,46836240,58.87,59.745,58.595
06/23/2021,57.875,46998460,57.785,58.48,57.4625
06/22/2021,57.775,51789360,56.155,58.025,55.985
06/21/2021,56.205,53854280,55.315,56.4,54.195
06/18/2021,55.195,71447260,55.705,56.289,54.84
06/17/2021,56.545,72161780,53.98,57.04,53.965
06/16/2021,54.51,78889000,55.31,55.8351,52.76
06/15/2021,55.1,45054080,56.01,56.17,54.73
06/14/2021,56.14,45411580,54.82,56.185,54.25
06/11/2021,54.61,34169360,54.21,54.62,53.88
06/10/2021,54.18,58603440,52.715,54.25,52.5
06/09/2021,52.57,38901820,53.18,53.56,52.465
06/08/2021,52.51,46472240,53.29,53.71,51.7125
06/07/2021,52.45,31096540,51.715,52.4825,51.407
06/04/2021,51.99,45587600,50.315,52.1949,50.265
06/03/2021,49.455,60516060,49.745,50.335,48.6875
06/02/2021,51.06,41589320,50.975,51.485,50.265
06/01/2021,50.795,51931760,51.925,52.15,50.1425
05/28/2021,51.295,40928560,51.39,52.0475,51.15
05/27/2021,50.8,41608420,51.185,51.58,50.72
05/26/2021,51.4,39017460,51.18,51.6193,50.86
05/25/2021,50.885,53364420,51.374,51.72,50.315
05/24/2021,50.64,46090840,49.275,51.17,49.11
05/21/2021,48.225,64066640,49.77,49.966,48.055
05/20/2021,49.035,69613220,47.035,49.43,46.915
05/19/2021,46.355,95944860,43.825,46.495,43.665
05/18/2021,46.185,65841980,47.605,48.14,46.095
05/17/2021,47.175,69012120,47.255,47.5799,45.865
05/14/2021,47.985,72131680,46.44,48.445,46.21
05/13/2021,45.055,104301020,45.3,46.3351,44.0352
05/12/2021,44.125,118079020,45.51,46.575,43.66
05/11/2021,47.76,114403440,45.295,48.12,45
05/10/2021,48,92107480,51.245,51.33,47.88
05/07/2021,51.9,79353380,51.985,53.0375,51.3855
05/06/2021,50.66,84831640,49.435,50.74,48.395
05/05/2021,49.575,68214580,51.02,51.425,49.2
05/04/2021,50.16,105616920,51.725,51.845,48.225
05/03/2021,52.95,67111060,54.38,54.745,52.715
04/30/2021,53.83,59220180,53.645,54.9,53.345
04/29/2021,54.86,74062200,55.93,56.115,53.29
04/28/2021,54.315,59475000,54.695,55.2,53.9851
04/27/2021,54.88,59656300,55.735,55.835,54.385
04/26/2021,55.61,49988320,54.655,55.735,54.275
04/23/2021,54.53,53941860,52.86,55.16,52.86
04/22/2021,52.55,87424120,54.335,54.815,51.97
04/21/2021,54.535,55528580,52.5,54.615,52.01
04/20/2021,53.19,79141880,54.025,54.66,52.195
04/19/2021,54.38,79584100,55.075,55.685,53.375
04/16/2021,55.905,58743960,55.955,55.995,54.95
04/15/2021,55.67,60399040,54.685,55.885,54.62
04/14/2021,53.315,80613720,55.395,55.465,52.88
04/13/2021,55.255,57511020,54.19,55.5,54.06
04/12/2021,53.425,54815980,53.15,53.62,52.49
04/09/2021,53.635,64719100,52.01,53.73,51.66
04/08/2021,52.68,56809660,52.46,52.77,52.05
04/07/2021,51.085,49493520,50.515,51.49,50.05
04/06/2021,50.71,60303420,50.68,51.64,50.355
04/05/2021,50.83,65269860,49.105,51.19,48.9857
04/01/2021,47.95,72543660,47.3175,48.015,47.21
03/31/2021,45.63,80984340,44.395,46.3,44.255
03/30/2021,43.67,74174880,43.475,43.895,42.48
03/29/2021,44.3,95294580,44.12,44.77,42.86
03/26/2021,44.325,107530240,42.36,44.485,41.765
03/25/2021,42.45,119937200,41.91,43.09,40.825
03/24/2021,42.68,95241860,45.545,45.56,42.625
03/23/2021,44.95,93890380,46.025,46.615,44.585
03/22/2021,45.545,70550580,44.145,46.435,44.145
03/19/2021,43.24,96643280,42.625,43.775,41.7
03/18/2021,42.695,114754900,44.805,45.25,42.475
03/17/2021,47.01,98185300,45.06,47.865,44.305
03/16/2021,46.425,84385120,46.67,47.995,45.8
03/15/2021,45.675,63669760,44.405,45.755,43.69
03/12/2021,44.26,83294960,43.585,44.335,42.535
03/11/2021,45.39,79467860,44.51,46.13,44.07
03/10/2021,42.445,101685620,44.63,44.75,42.155
03/09/2021,42.81,86714540,41.2335,43.575,40.965
03/08/2021,38.3,117865760,41.64,42.425,38.135
03/05/2021,41.88,168328300,41.145,42.235,37.515
03/04/2021,40.085,216018600,41.985,43.32,38.44
03/03/2021,42.17,115771300,45.685,46.1,42.1225
03/02/2021,46.175,75846580,48.77,48.8425,46.05
03/01/2021,48.5,66853520,46.68,48.6539,46.095
02/26/2021,44.61,104659180,45.1925,46.58,43.125
02/25/2021,43.95,118895940,47.81,49.035,43.225
02/24/2021,49.075,61520920,46.62,49.235,45.45
02/23/2021,47.92,99637420,45.89,48.68,43.21
02/22/2021,48.35,66367440,50.27,50.9,48.25
02/19/2021,52.41,46688640,53.82,53.84,51.93
02/18/2021,53.11,55101000,52.03,53.48,51.14
02/17/2021,53.835,53321560,53.115,53.97,52.005
02/16/2021,54.595,44331880,55.48,55.9299,54.04
02/12/2021,55.055,38735860,53.79,55.15,53.22
02/11/2021,54.135,49430000,54.08,54.37,52.98
02/10/2021,53.275,61773960,54.39,54.6,51.73
02/09/2021,53.655,32884440,53.24,54.285,53.24
02/08/2021,53.68,38497500,53.48,53.7751,52.6743
02/05/2021,52.65,43307640,52.6,53.145,51.785
02/04/2021,52.105,36404460,51.02,52.15,50.375
02/03/2021,50.325,47586020,51.965,52.115,50.325
02/02/2021,50.91,46373280,49.945,51.48,49.88
02/01/2021,48.56,52829740,46.775,49.015,45.87
01/29/2021,45.235,92139240,47.45,47.96,44.375
01/28/2021,48.24,45010860,47.945,50.5,47.675
01/27/2021,47.54,94450360,50.63,50.65,46.5
01/26/2021,51.71,45484480,51.86,52.29,51.0875
01/25/2021,51.655,76585120,51.88,52.5341,48.4
01/22/2021,50.26,40939380,50.205,50.76,49.94
01/21/2021,50.72,46341640,50.125,51.07,49.5
01/20/2021,49.49,60868160,47.9275,49.9425,47.765
01/19/2021,46.265,60483680,45.3625,46.5175,44.9
01/15/2021,44.3425,70845960,45.3525,45.7825,43.77
01/14/2021,45.4475,59117800,46.375,46.835,45.24
01/13/2021,46.15,54375000,45.3925,46.5475,45.126
01/12/2021,45.27,73015720,45.53,46.0025,44.1
01/11/2021,45.4675,70651160,46.2025,46.735,45.2025
01/08/2021,47.57,76407640,46.8275,47.72,45.85
01/07/2021,45.795,61847560,43.8425,46.1625,43.8375
01/06/2021,42.71,105365280,42.475,44.585,42.055
01/05/2021,44.5525,59356200,43.07,44.6388,43.07
01/04/2021,43.4625,98736080,46.02,46.097,41.7075
12/31/2020,45.45,53354080,45.0675,45.62,44.5825
12/30/2020,45.0975,52403480,45.6125,45.75,44.8175
12/29/2020,45.105,60571360,45.5875,45.85,44.7025
12/28/2020,44.9725,58526520,44.79,45.1887,44.0075
12/24/2020,43.6625,38532888,43.2275,43.86,43.18
12/23/2020,43.1025,59717200,43.76,43.94,43.045
12/22/2020,43.7625,81004400,43.825,44.1775,42.5438
12/21/2020,43.42,101798360,42.3925,43.655,41.17
12/18/2020,43.5825,84378040,44.39,44.4775,42.6325
12/17/2020,44.0625,69637720,43.9125,44.1688,43.3975
12/16/2020,43.1775,68795240,42.6925,43.5625,42.245
12/15/2020,42.465,78991400,42.145,42.5025,41.23
12/14/2020,41.185,73342240,40.8075,42.0125,40.7925
12/11/2020,40.325,84909800,39.9125,40.3825,38.975
12/10/2020,40.61,86673280,39.26,41.0667,38.815
12/09/2020,40.1175,122439360,42.96,43.065,39.655
12/08/2020,42.9975,66962880,42.4125,43.17,41.6525
12/07/2020,42.6075,62013880,41.975,42.755,41.9
12/04/2020,41.8975,63544040,41.4,41.96,41.1275
12/03/2020,41.39,78730840,41.3225,42.0475,41.0878
12/02/2020,41.2225,73064640,40.5525,41.3603,39.795
12/01/2020,41.0575,85397800,40.4475,41.7375,40.025
11/30/2020,39.505,92311040,39.43,39.695,37.645
11/27/2020,39.3025,46463760,39.01,39.7675,38.8825
11/25/2020,38.2575,64338840,37.93,38.5025,37.6125
11/24/2020,37.55,78007560,36.455,37.7575,35.7675
11/23/2020,36.075,89530400,36.455,36.935,35.19
11/20/2020,36.0675,64996720,36.7625,37.0675,36.03
11/19/2020,36.815,79670880,35.7275,36.9225,35.49
11/18/2020,35.925,77170640,36.565,37.1875,35.925
11/17/2020,36.7775,91351800,37.2,37.34,36.5325
11/16/2020,37.12,106874520,36.1875,37.2525,35.936
11/13/2020,36.285,104897240,35.945,36.52,35.165
11/12/2020,35.3575,143857120,36.2125,36.73,34.93
11/11/2020,35.8825,126830760,34.5175,36.0475,34.37
11/10/2020,33.6225,168666640,34.285,34.8125,32.5875
11/09/2020,35.54,165865520,38.92,39.595,35.37
11/06/2020,37.85,135151280,37.4675,38.1425,36.015
11/05/2020,37.7225,150132560,37.415,38.1375,36.8975
11/04/2020,35.02,169187720,33.8975,35.66,33.33
11/03/2020,30.85,134969320,29.995,31.6023,29.65
11/02/2020,29.3725,151135920,29.9475,30.5225,28.4025
10/30/2020,29.3625,231165760,30.8875,31.1825,28.3875
10/29/2020,31.5575,138187360,30.485,32.615,30.31
10/28/2020,30.03,184720160,32.355,32.56,29.9501
10/27/2020,34.0225,111930000,33.5675,34.3,33.13
10/26/2020,33.2375,158556600,33.9425,34.995,31.8725
10/23/2020,34.825,95543880,34.8525,34.8575,33.7225
10/22/2020,34.6225,119581600,34.925,35.2509,33.3675
10/21/2020,34.605,121286280,34.7725,35.7525,34.43
10/20/2020,34.695,137355080,34.745,35.85,34.1469
10/19/2020,34.4725,138777480,37.01,37.3775,34.09
10/16/2020,36.275,114048560,37.5175,38.0673,36.125
10/15/2020,36.84,124538280,35.755,37.0975,35.485
10/14/2020,37.6175,148985480,38.915,39.3,36.9125
10/13/2020,38.57,141930800,39.3,39.5825,38.0375
10/12/2020,38.565,147058600,37.1,39.6825,36.715
10/09/2020,35.275,97635760,34.385,35.3462,34.24
10/08/2020,33.7725,98946840,34.1125,34.1517,33.385
10/07/2020,33.2825,112544480,32.5425,33.5275,32.345
10/06/2020,31.62,172824560,33.0975,33.78,31.2875
10/05/2020,33.415,105395360,32.1175,33.525,32.0625
10/02/2020,31.4325,199776680,32.03,33.4075,31.0825
10/01/2020,34.2575,139338000,34.1425,34.5175,33.445
09/30/2020,32.725,169384160,32.1475,33.88,32.0625
09/29/2020,32.09,111388680,32.37,32.7097,31.8825
09/28/2020,32.43,136665600,32.3225,32.5,31.3925
09/25/2020,30.615,162239400,28.7675,30.89,28.2625
09/24/2020,28.61,187518160,27.4225,29.6775,27.2925
09/23/2020,28.1975,202753720,30.9625,31.0375,27.9275
09/22/2020,31.075,157533360,30.3,31.2825,29.115
09/21/2020,29.465,187657400,27.8075,29.4875,27.025
09/18/2020,29.12,231521320,30.715,30.8624,27.6905
09/17/2020,30.29,223422560,29.3025,30.99,29.0125
09/16/2020,31.7525,153586640,33.6325,33.83,31.6475
09/15/2020,33.355,150444720,33.3325,33.8551,32.74
09/14/2020,31.995,134516600,31.75,32.7025,31.27
09/11/2020,30.4275,192898920,31.75,32.0475,29.2025
09/10/2020,31.1075,232968240,34.13,34.5975,30.435
09/09/2020,33.0175,145176160,32.2575,33.8,31.4175
09/08/2020,30.405,213412240,31.2375,33.4925,30.265
09/04/2020,35.41,280740440,36.345,37.575,30.965
09/03/2020,36.9325,221512480,41.6825,41.85,35.705
09/02/2020,43.6325,144684880,43.87,43.9175,41.1684
09/01/2020,42.435,96920080,41.48,42.4925,40.7375
08/31/2020,40.34,90199040,39.635,41.135,39.455
08/28/2020,39.4275,99072680,39.3225,39.6825,38.7875
08/27/2020,38.8275,151301000,39.645,39.9675,37.895
08/26/2020,39.1825,109831680,37.3175,39.2625,37.27
08/25/2020,36.825,86278520,35.7075,36.8625,35.5175
08/24/2020,35.985,125691840,36.5525,36.8897,35.11
08/21/2020,35.33,82140120,34.665,35.5025,34.4487
08/20/2020,34.6075,76387360,32.9375,34.7975,32.7925
08/19/2020,33.24,102923600,33.897,34.3025,33.0725
08/18/2020,33.9025,74656680,33.3575,34.1,32.8225
08/17/2020,32.935,63332320,32.4675,33.09,32.415
08/14/2020,31.8825,99868800,32.165,32.2975,31.3525
08/13/2020,31.975,117140720,32.02,32.795,31.6325
08/12/2020,31.7525,110922120,30.275,32.09,30.275
08/11/2020,29.5425,155136600,30.89,31.3625,29.3475
08/10/2020,31.32,127155520,31.8175,31.9025,30.042
08/07/2020,31.7475,148353960,32.655,32.955,30.9225
08/06/2020,32.82,96032000,31.5275,32.9825,31.305
08/05/2020,31.61,81481600,31.5375,31.7675,31.2275
08/04/2020,31.36,105503920,30.83,31.405,30.585
08/03/2020,30.9575,108934000,30.5625,31.2825,30.515
07/31/2020,29.845,180002400,29.83,29.875,28.2201
07/30/2020,28.3175,151100080,27.225,28.4925,26.84
07/29/2020,27.865,97140280,27.4225,28.1525,27.2875
07/28/2020,26.9475,119351280,27.77,27.9275,26.8425
07/27/2020,28,133811840,27.1475,28.1375,26.87
07/24/2020,26.5725,178609320,26.1275,27.04,25.2525
07/23/2020,27.3825,168324280,29.5775,29.81,26.8925
07/22/2020,29.71,113894520,29.5425,30.0325,28.9125
07/21/2020,29.37,147840520,30.8975,30.9175,29.1
07/20/2020,30.34,125810720,28.2,30.5575,27.7725
07/17/2020,27.96,115501720,28.04,28.26,27.25
07/16/2020,27.83,149985800,27.51,28.09,26.7475
07/15/2020,28.44,183771800,28.715,29.055,27.3475
07/14/2020,28.3,229875400,26.8975,28.43,25.8475
07/13/2020,27.7125,187292200,30.5125,31.4875,27.4225
07/10/2020,29.5375,121394680,28.855,29.6125,27.9725
07/09/2020,28.925,158798200,28.8525,29.1675,27.465
07/08/2020,28.22,119965680,27.6075,28.235,27.1225
07/07/2020,27.175,123049560,27.6375,28.54,27.06
07/06/2020,27.72,105991840,26.825,27.895,26.8225
07/02/2020,25.8225,114076080,26.0725,26.4675,25.685
07/01/2020,25.285,126068880,24.465,25.6175,24.31
06/30/2020,24.4125,125694360,23.08,24.62,23.0325
06/29/2020,23.085,129804640,22.3025,23.1075,21.57
06/26/2020,22.37,187970560,24.005,24.075,22.225
06/25/2020,24.1025,150851640,23.4775,24.18,22.685
06/24/2020,23.48,196410680,24.725,25.1175,22.9625
06/23/2020,24.95,117449160,24.8425,25.655,24.665
06/22/2020,24.315,110066600,23.4775,24.3875,23.3775
06/19/2020,23.48,144975000,24.2425,24.3075,22.99
06/18/2020,23.5125,106392960,23.235,23.59,23.01
06/17/2020,23.3325,129429080,23.5425,23.865,23.1
06/16/2020,23.1075,191608880,23.3475,23.53,22.0775
06/15/2020,21.9475,199092440,20.27,22.17,20.015
06/12/2020,21.2,205938560,22.0724,22.4116,20.1075
06/11/2020,20.75,191666000,23.145,23.5525,20.705
06/10/2020,24.3325,151455520,23.99,24.805,23.845
06/09/2020,23.485,106589760,22.7225,23.745,22.6848
06/08/2020,22.9725,109272240,22.3975,23.02,21.9753
06/05/2020,22.4725,140697160,21.475,22.6327,21.375
06/04/2020,21.215,133204200,21.5575,21.97,20.8393
06/03/2020,21.655,107516720,21.5375,21.8725,21.3025
06/02/2020,21.365,125357080,21.06,21.3875,20.41
06/01/2020,20.9475,105581160,20.5138,21.06,20.4075
05/29/2020,20.6925,179473640,20.01,20.83,19.58
05/28/2020,19.8725,152612560,19.65,20.8015,19.6375
05/27/2020,20,173645480,19.5275,20.01,18.345
05/26/2020,19.7225,122601120,20.7625,20.83,19.595
05/22/2020,19.805,104832480,19.5225,19.8725,19.2625
05/21/2020,19.6275,161346760,20.31,20.48,19.4825
05/20/2020,20.25,142707960,19.8025,20.3775,19.8025
05/19/2020,19.13,130715280,19.345,19.8925,19.1
05/18/2020,19.2775,148815080,19,19.55,18.805
05/15/2020,18.2225,178903360,17.1775,18.275,17.0725
05/14/2020,17.915,201499600,17.01,17.9225,16.5275
05/13/2020,17.34,245559600,18.1475,18.6125,16.69
05/12/2020,18.0225,169681640,19.3675,19.5325,18.0075
05/11/2020,19.1625,134691880,18.3675,19.475,18.3125
05/08/2020,18.6975,131418440,18.3875,18.7375,18.13
05/07/2020,17.9725,144744960,17.9575,18.1875,17.6412
05/06/2020,17.2975,155940440,17.385,17.7813,17.0975
05/05/2020,16.9625,144357320,16.9325,17.5562,16.8025
05/04/2020,16.4375,100377800,15.6337,16.4825,15.5175
05/01/2020,15.8775,173122720,16.33,16.8275,15.625
04/30/2020,17.4425,190272520,17.6025,17.6172,16.9876
04/29/2020,17.3275,173051880,16.7625,17.5925,16.5225
04/28/2020,15.695,193123640,17.055,17.0575,15.6525
04/27/2020,16.5925,152360880,16.795,16.8975,16.41
04/24/2020,16.275,159183560,15.635,16.35,15.3025
04/23/2020,15.525,212433920,15.8075,16.3975,15.43
04/22/2020,15.6275,137946000,15.2575,15.915,15.0775
04/21/2020,14.3575,259744960,15.665,15.7825,14.0775
04/20/2020,16.1425,193498760,16.2975,16.8775,16.115
04/17/2020,16.6825,231782240,16.9175,17.025,16.0075
04/16/2020,16.275,281460080,15.9525,16.5175,15.4875
04/15/2020,15.4475,215843840,15.2275,15.8475,14.9152
04/14/2020,15.9775,245024840,15.0125,16.1,14.8475
04/13/2020,14.1425,213480160,13.5,14.22,13.2685
04/09/2020,13.6675,276648880,13.9825,14.18,13.3175
04/08/2020,13.6175,259090080,13.1713,13.75,12.82
04/07/2020,12.8,329004800,13.975,14.0725,12.75
04/06/2020,12.825,259308600,11.7775,13.0475,11.591
04/03/2020,10.605,277242000,10.965,11.2455,10.215
04/02/2020,11.05,233765480,10.3,11.085,10.1925
04/01/2020,10.4325,267794960,10.9,11.43,10.155
03/31/2020,11.91,365951960,12.1525,12.8825,11.7146
03/30/2020,12.25,208310640,11.395,12.345,11.25
03/27/2020,11.085,278571760,11.4075,12.0825,10.9473
03/26/2020,12.37,324619960,10.9575,12.5,10.9168
03/25/2020,10.6375,417437200,11.05,11.9588,10.27
03/24/2020,10.89,414912000,10.3075,10.935,10.0325
03/23/2020,8.905,410036800,8.9825,9.5,8.0675
03/20/2020,8.8775,391127600,10.7475,10.95,8.775
03/19/2020,10.055,402404400,9.7125,11.02,9
03/18/2020,9.8275,424499600,9.075,10.375,8.1825
03/17/2020,10.83,381010320,9.845,11.285,8.9375
03/16/2020,9.3125,329145080,10.115,12.15,9.2475
03/13/2020,14.21,278145360,13.06,14.3281,11.265
03/12/2020,11.19,309112960,12.375,14.375,11.1
03/11/2020,15.415,217420200,16.445,16.8075,14.75
03/10/2020,17.69,228126240,16.995,17.7325,15.25
03/09/2020,15.3075,203482480,15.3825,17.2875,15.25
03/06/2020,19.21,196759520,18.1825,19.52,17.75
03/05/2020,20.2725,193485800,20.56,21.69,19.7725
03/04/2020,22.2225,157913760,20.885,22.2875,20.325
03/03/2020,19.8175,274063200,22.0925,22.875,19.22
03/02/2020,21.8775,181759320,19.8175,21.935,18.9925
02/28/2020,19.25,247674080,17.1025,19.3575,16.875
02/27/2020,18.955,212558200,20.575,21.6025,18.895
02/26/2020,22.2875,170269200,22.32,23.4325,21.7875
02/25/2020,21.985,150396720,24.4825,24.7275,21.735
02/24/2020,23.92,134837040,24.07,24.895,23.4075
02/21/2020,27.035,103706240,28.265,28.395,26.6825
02/20/2020,28.675,113828880,29.325,29.495,27.5975
02/19/2020,29.515,52813600,29.2025,29.7,29.0987
02/18/2020,28.685,65567760,28.23,28.8579,28.1475
02/14/2020,28.635,56984880,28.555,28.7475,28.27
02/13/2020,28.4425,77641160,27.9475,28.775,27.845
02/12/2020,28.5525,60803880,28.2225,28.5875,28.025
02/11/2020,27.74,96885120,28.175,28.4675,27.52
02/10/2020,27.72,61624520,26.495,27.7275,26.475
02/07/2020,26.755,77025920,26.745,27.2025,26.53
02/06/2020,27.105,56566560,26.6275,27.135,26.3525
02/05/2020,26.46,87305960,27.14,27.145,25.9725
02/04/2020,26.1575,70124600,25.5,26.3125,25.255
02/03/2020,24.485,87092520,23.7775,24.665,23.7325
01/31/2020,23.41,110192000,24.92,24.9375,23.1863
01/30/2020,24.62,100124680,23.9,24.65,23.6625
01/29/2020,24.345,69285560,24.6563,24.74,24.045
01/28/2020,24.2575,85931040,23.6625,24.4175,23.495
01/27/2020,23.18,99313080,23.0625,23.5863,22.545
01/24/2020,24.7075,119687240,25.725,25.8025,24.3775
01/23/2020,25.365,71794280,25.0825,25.3975,24.7425
01/22/2020,25.1325,68074280,25.3075,25.5725,25.045
01/21/2020,24.9625,69441040,24.7575,25.1275,24.74
01/17/2020,24.975,72201280,24.9275,25.0343,24.565
01/16/2020,24.6075,60550280,24.2775,24.6225,24.1325
01/15/2020,23.94,66501440,23.945,24.2825,23.705
01/14/2020,23.925,73359480,24.145,24.2875,23.805
01/13/2020,24.2075,58643320,23.6825,24.22,23.5775
01/10/2020,23.39,68877920,23.8475,23.8675,23.2825
01/09/2020,23.5825,73190880,23.5575,23.715,23.18
01/08/2020,23.0025,80125320,22.49,23.32,22.3825
01/07/2020,22.485,57530120,22.535,22.695,22.29
01/06/2020,22.5125,64387120,21.5675,22.52,21.4876
01/03/2020,22.0925,72660120,21.8225,22.5,21.81
01/02/2020,22.71,65716960,22.1775,22.71,22.055
12/31/2019,21.6375,42212960,21.325,21.69,21.2151
12/30/2019,21.515,56569360,21.9325,21.965,21.2
12/27/2019,21.9525,49935040,22.2525,22.265,21.7875
12/26/2019,22.0175,32387676,21.5575,22.0275,21.5562
12/24/2019,21.46,19949364,21.4875,21.5175,21.3125
12/23/2019,21.44,36277508,21.505,21.5452,21.3925
12/20/2019,21.2825,49841200,21.3075,21.38,21.15
12/19/2019,21.0325,41775400,20.665,21.045,20.665
12/18/2019,20.6125,35854924,20.6612,20.82,20.585
12/17/2019,20.565,42341800,20.6425,20.6975,20.5
12/16/2019,20.5375,49953600,20.355,20.6425,20.34
12/13/2019,19.965,80533880,19.74,20.18,19.615
12/12/2019,19.7875,92019200,19.2825,20,19.205
12/11/2019,19.345,45683680,19.17,19.4075,19.09
12/10/2019,19.0575,56193120,19.1125,19.32,18.92
12/09/2019,19.1,39121744,19.2725,19.5325,19.0788
12/06/2019,19.3375,46513680,19.17,19.405,19.135
12/05/2019,18.7575,44854320,18.855,18.8575,18.4937
12/04/2019,18.66,44111360,18.6725,18.7937,18.585
12/03/2019,18.3875,78571080,18.075,18.4075,17.7775
12/02/2019,18.81,76344440,19.435,19.4475,18.5075
11/29/2019,19.435,26898052,19.5525,19.6425,19.4
11/27/2019,19.6975,41282280,19.445,19.705,19.38
11/26/2019,19.3075,42031560,19.2275,19.3787,19.15
11/25/2019,19.1925,40420640,18.78,19.205,18.775
11/22/2019,18.55,41834160,18.64,18.6775,18.2425
11/21/2019,18.5,45329680,18.58,18.6125,18.3375
11/20/2019,18.645,75613600,18.8375,19.0075,18.205
11/19/2019,18.9775,56209240,19.1175,19.1175,18.7725
11/18/2019,18.9,48495560,18.7775,18.995,18.545
11/15/2019,18.8025,45323680,18.7775,18.835,18.615
11/14/2019,18.455,54000160,18.2975,18.4925,18.1275
11/13/2019,18.46,56370240,18.3075,18.5575,18.265
11/12/2019,18.4875,64345840,18.38,18.68,18.3
11/11/2019,18.3375,38136188,18.1425,18.365,18.062
11/08/2019,18.415,40818720,18.0925,18.4225,17.9575
11/07/2019,18.2,62859480,18.3025,18.55,18.0425
11/06/2019,18.0175,57664720,18.0875,18.0957,17.7625
11/05/2019,18.1325,51615000,18.1925,18.245,17.9725
11/04/2019,18.11,49963360,18.1525,18.2425,18.03
11/01/2019,17.7925,57526400,17.5525,17.7975,17.4713
10/31/2019,17.3225,61648120,17.4425,17.48,17.0275
10/30/2019,17.31,59492320,17.16,17.395,16.8675
10/29/2019,17.07,53514160,17.3875,17.4625,17.0575
10/28/2019,17.4725,55797840,17.215,17.5425,17.215
10/25/2019,16.955,64588720,16.3225,16.9975,16.3125
10/24/2019,16.5775,62307680,16.4675,16.6088,16.2413
10/23/2019,16.115,49350880,15.9275,16.1271,15.85
10/22/2019,16.04,63318600,16.59,16.6825,16.0189
10/21/2019,16.42,47338320,16.2572,16.455,16.1075
10/18/2019,15.9975,77286120,16.405,16.5075,15.7475
10/17/2019,16.47,61108640,16.64,16.715,16.285
10/16/2019,16.3575,59319560,16.3053,16.4775,16.1975
10/15/2019,16.48,70896520,16.02,16.5875,15.9925
10/14/2019,15.8775,46414160,15.8125,16.0275,15.765
10/11/2019,15.86,111717280,15.805,16.25,15.785
10/10/2019,15.2875,90079800,14.9625,15.4675,14.92
10/09/2019,14.96,78471200,14.9,15.1525,14.765
10/08/2019,14.52,118387960,14.91,15.12,14.5
10/07/2019,15.2125,81593640,15.215,15.5825,15.1341
10/04/2019,15.355,85425320,14.9275,15.42,14.8975
10/03/2019,14.735,120716000,14.255,14.7415,13.7275
10/02/2019,14.265,136024080,14.7325,14.7325,14.005
10/01/2019,15.035,79857560,15.58,15.8375,14.955
09/30/2019,15.4075,59424800,15.15,15.48,15.07
09/27/2019,15.0075,94329440,15.6375,15.6631,14.6662
09/26/2019,15.5725,68612640,15.6825,15.715,15.215
09/25/2019,15.73,76855680,15.19,15.86,14.8075
09/24/2019,15.2425,102883880,16.0875,16.185,15.035
09/23/2019,15.87,45900240,15.82,16.01,15.675
09/20/2019,15.855,62193720,16.44,16.4875,15.685
09/19/2019,16.37,66652280,16.3813,16.6733,16.275
09/18/2019,16.2975,71370600,16.215,16.3175,15.6875
09/17/2019,16.3075,45671880,16.09,16.3225,15.995
09/16/2019,16.095,48561840,15.9975,16.1938,15.95
09/13/2019,16.32,53805080,16.425,16.535,16.25
09/12/2019,16.495,69965480,16.595,16.87,16.4225
09/11/2019,16.2925,55700320,15.9375,16.3225,15.8325
09/10/2019,15.865,68382800,15.735,15.87,15.42
09/09/2019,15.9975,56156440,16.2425,16.2675,15.7425
09/06/2019,16.1,57519200,16.2125,16.24,15.99
09/05/2019,16.145,63550840,15.805,16.2775,15.781
09/04/2019,15.3,50432040,15.095,15.3425,14.98
09/03/2019,14.6825,64611800,14.8225,15.045,14.5277
08/30/2019,15.1225,68127160,15.4797,15.4834,14.865
08/29/2019,15.23,71039280,15.105,15.3577,14.935
08/28/2019,14.5675,64030920,14.2775,14.6425,14.0634
08/27/2019,14.4225,77564120,14.8125,14.89,14.25
08/26/2019,14.51,73445960,14.3725,14.515,14.115
08/23/2019,13.945,151406760,15.0325,15.45,13.77
08/22/2019,15.35,76615720,15.59,15.6977,14.9825
08/21/2019,15.5,50980760,15.5075,15.6481,15.3432
08/20/2019,15.115,62836440,15.3525,15.5125,15.1025
08/19/2019,15.4325,60181320,15.3675,15.56,15.2425
08/16/2019,14.7425,82448120,14.445,14.872,14.445
08/15/2019,14.0925,105422960,14.225,14.3287,13.7675
08/14/2019,14.1525,152465320,14.7875,14.935,14.065
08/13/2019,15.545,120228000,14.56,15.8475,14.4993
08/12/2019,14.5875,106655760,14.82,14.9575,14.38
08/09/2019,15.0925,110683400,15.315,15.48,14.7425
08/08/2019,15.5525,109527840,14.81,15.5575,14.6725
08/07/2019,14.5875,153954480,13.9025,14.6575,13.575
08/06/2019,14.3775,106770280,14.18,14.495,13.875
08/05/2019,13.81,151242600,14.485,14.485,13.42
08/02/2019,15.43,123460040,15.8,15.8575,15.1501
08/01/2019,16.17,149192240,16.49,17.4,15.91
07/31/2019,16.4,98170280,17.2575,17.2875,15.925
07/30/2019,17.1225,55751840,16.955,17.32,16.915
07/29/2019,17.355,56637760,17.49,17.49,17.0175
07/26/2019,17.5175,55739200,17.325,17.5975,17.305
07/25/2019,17.0125,75037440,17.335,17.3375,16.91
07/24/2019,17.5125,54622440,16.96,17.5125,16.95
07/23/2019,17.1475,58024920,17.1025,17.155,16.7602
07/22/2019,16.8225,47748160,16.56,16.9325,16.555
07/19/2019,16.435,70389560,17.175,17.176,16.3925
07/18/2019,16.8425,68134000,16.5225,16.9144,16.3577
07/17/2019,16.77,46253880,17.03,17.1075,16.76
07/16/2019,17.0225,55996000,17.2125,17.27,16.86
07/15/2019,17.2675,36697140,17.24,17.2975,17.1025
07/12/2019,17.1225,44596240,16.8875,17.1275,16.8438
07/11/2019,16.84,63924720,16.9675,17.0754,16.6775
07/10/2019,16.885,77054600,16.7,17.0225,16.6
07/09/2019,16.4,44297520,15.9175,16.455,15.8825
07/08/2019,16.1575,52893520,16.1975,16.2,15.955
07/05/2019,16.505,58422440,16.2725,16.5975,16.0775
07/03/2019,16.6125,33563664,16.355,16.6125,16.315
07/02/2019,16.2525,40624280,16.04,16.2525,15.91
07/01/2019,16.0575,72595080,16.325,16.3875,15.8475
06/28/2019,15.4425,49466480,15.495,15.5475,15.2775
06/27/2019,15.3775,37635020,15.3775,15.4963,15.2626
06/26/2019,15.2125,47057760,15.305,15.595,15.1503
06/25/2019,15.0225,69811680,15.795,15.82,14.945
06/24/2019,15.8325,34469288,15.9225,15.9725,15.803
06/21/2019,15.8375,52323320,15.8275,16.135,15.7372
06/20/2019,15.91,59677520,16.1225,16.1325,15.5575
06/19/2019,15.485,68489600,15.3825,15.59,15.1
06/18/2019,15.305,70914760,15.1875,15.6225,15.0775
06/17/2019,14.67,37525164,14.4975,14.7925,14.46
06/14/2019,14.4075,38572436,14.3675,14.525,14.2475
06/13/2019,14.5975,49279680,14.5325,14.7075,14.445
06/12/2019,14.3625,55088040,14.4825,14.575,14.2751
06/11/2019,14.61,68723600,15.015,15.0925,14.4633
06/10/2019,14.555,91635920,14.34,14.955,14.34
06/07/2019,14.0425,75774040,13.5,14.2297,13.455
06/06/2019,13.285,50151160,13.05,13.3871,12.8775
06/05/2019,12.985,76158520,13.0725,13.08,12.592
06/04/2019,12.705,81934600,12.1,12.72,11.9778
06/03/2019,11.7525,120906560,12.455,12.55,11.5325
05/31/2019,12.555,70300360,12.7175,12.8525,12.535
05/30/2019,13.19,68213880,13.1325,13.295,12.96
05/29/2019,13.035,88960640,13.1225,13.25,12.815
05/28/2019,13.37,58451480,13.635,13.8525,13.3575
05/24/2019,13.515,68612880,13.7675,13.9,13.47
05/23/2019,13.535,103840560,13.7137,13.72,13.2762
05/22/2019,14.205,64456280,14.145,14.445,14.14
05/21/2019,14.3925,57243480,14.3175,14.51,14.1835
05/20/2019,13.9725,92184360,14.095,14.2575,13.8117
05/17/2019,14.71,91255080,14.7225,15.335,14.6675
05/16/2019,15.1825,87013040,14.75,15.455,14.7015
05/15/2019,14.7225,88080200,13.865,14.8475,13.8475
05/14/2019,14.135,70095960,13.905,14.395,13.7575
05/13/2019,13.705,117460440,14.12,14.3575,13.5675
05/10/2019,15.285,113929280,15.06,15.5075,14.31
05/09/2019,15.2425,110208800,14.99,15.3975,14.5675
05/08/2019,15.4875,80618920,15.4675,15.8475,15.2975
05/07/2019,15.625,118764680,16.0525,16.255,15.161
05/06/2019,16.59,80857760,15.8275,16.655,15.74
05/03/2019,16.8925,54444760,16.535,16.9375,16.4475
05/02/2019,16.1325,70644240,16.3375,16.5825,15.812
05/01/2019,16.3325,62958160,16.83,16.9771,16.315
04/30/2019,16.5225,63408520,16.5,16.6025,16.1675
04/29/2019,16.91,41642360,16.815,16.9925,16.735
04/26/2019,16.82,55195840,16.7025,16.825,16.275
04/25/2019,16.76,59467120,16.9425,16.9636,16.5078
04/24/2019,16.575,46764640,16.775,16.845,16.5675
04/23/2019,16.7375,52362920,16.2525,16.8,16.1825
04/22/2019,16.125,37771612,15.7875,16.1475,15.75
04/18/2019,15.99,45892720,16.02,16.0275,15.7175
04/17/2019,15.94,56997840,16.09,16.1397,15.8025
04/16/2019,15.7825,47047680,15.7875,15.8875,15.6475
04/15/2019,15.63,41617920,15.6175,15.6788,15.315
04/12/2019,15.6175,47541280,15.625,15.65,15.4325
04/11/2019,15.4275,55663880,15.6025,15.6075,15.34
04/10/2019,15.545,49359560,15.365,15.555,15.3063
04/09/2019,15.2975,51966240,15.31,15.4575,15.2
04/08/2019,15.4675,51609600,15.27,15.4975,15.0903
04/05/2019,15.3475,52226520,15.265,15.375,15.195
04/04/2019,15.12,71651120,15.145,15.3198,14.8575
04/03/2019,15.1425,75667640,15.135,15.4225,15.0025
04/02/2019,14.885,53197800,14.7725,14.9295,14.6575
04/01/2019,14.7225,60979880,14.575,14.775,14.425
03/29/2019,14.165,63325720,14.1575,14.2048,13.92
03/28/2019,13.8525,63862680,13.8675,14.0075,13.6075
03/27/2019,13.765,88253880,14.0975,14.195,13.4625
03/26/2019,14.04,87752200,14.1725,14.4208,13.8275
03/25/2019,13.85,104984480,13.765,13.9925,13.545
03/22/2019,13.9375,133602400,14.7175,14.8375,13.885
03/21/2019,14.9125,75690840,14.12,14.9745,14.1125
03/20/2019,14.2525,91594160,14.0875,14.5125,13.8975
03/19/2019,14.095,82038480,14.135,14.32,13.9225
03/18/2019,13.955,74235520,13.8425,14.085,13.76
03/15/2019,13.83,69341480,13.6525,13.985,13.615
03/14/2019,13.495,47605400,13.58,13.63,13.475
03/13/2019,13.555,72323440,13.4675,13.7725,13.415
03/12/2019,13.2675,75677040,13.1575,13.3675,13.062
03/11/2019,13.055,63651400,12.4325,13.0775,12.4325
03/08/2019,12.2875,87094360,11.935,12.305,11.89
03/07/2019,12.3575,84453480,12.72,12.735,12.2075
03/06/2019,12.825,61430600,13.0825,13.095,12.765
03/05/2019,13.05,49383920,13.045,13.17,12.855
03/04/2019,13.0175,106401680,13.2425,13.3325,12.5875
03/01/2019,13.015,70018160,13.03,13.0725,12.755
02/28/2019,12.76,45869440,12.7275,12.8938,12.6508
02/27/2019,12.84,57769600,12.7075,12.895,12.4475
02/26/2019,12.88,52466640,12.74,13,12.68
02/25/2019,12.84,61760520,13.0025,13.095,12.815
02/22/2019,12.7,59711320,12.515,12.73,12.4925
02/21/2019,12.43,64105160,12.4675,12.5714,12.2325
02/20/2019,12.5725,85427840,12.6125,12.7575,12.3734
02/19/2019,12.5825,51572920,12.39,12.6975,12.39
02/15/2019,12.5075,71086440,12.6275,12.63,12.34
02/14/2019,12.36,76423360,12.175,12.4875,12.0552
02/13/2019,12.315,63461560,12.465,12.5704,12.28
02/12/2019,12.29,63413800,12.0325,12.3475,11.9734
02/11/2019,11.78,60044840,11.9425,12.0279,11.69
02/08/2019,11.8075,72272920,11.4275,11.8125,11.4
02/07/2019,11.7475,104594120,11.9175,12.0075,11.4725
02/06/2019,12.2475,72576360,12.37,12.4325,12.0804
02/05/2019,12.345,64252880,12.0925,12.4,12.0761
02/04/2019,12.0275,55190640,11.6175,12.04,11.585
02/01/2019,11.6025,70709920,11.585,11.855,11.515
01/31/2019,11.7525,79719960,11.455,11.93,11.42
01/30/2019,11.2575,87177360,10.825,11.38,10.7225
01/29/2019,10.4725,60559120,10.7975,10.8025,10.3575
01/28/2019,10.7775,69903600,10.7525,10.7775,10.5025
01/25/2019,11.19,69687040,11.065,11.2925,10.955
01/24/2019,10.805,63773000,10.705,10.855,10.585
01/23/2019,10.6175,82769040,10.7375,10.875,10.254
01/22/2019,10.6075,90542200,11.0025,11.02,10.33
01/18/2019,11.2275,83245000,11.18,11.4025,10.9625
01/17/2019,10.9275,70611840,10.575,11.0675,10.515
01/16/2019,10.6775,67719120,10.7425,10.965,10.67
01/15/2019,10.6625,72292160,10.235,10.73,10.215
01/14/2019,10.1025,55300920,10.1075,10.235,9.965
01/11/2019,10.3725,60322960,10.31,10.4075,10.2025
01/10/2019,10.4975,87175560,10.16,10.5075,9.99
01/09/2019,10.3975,88572080,10.28,10.5425,10.15
01/08/2019,10.1575,105356920,10.1725,10.2775,9.725
01/07/2019,9.8725,106182400,9.6175,10.0375,9.5325
01/04/2019,9.5675,136179000,8.8875,9.69,8.7916
01/03/2019,8.4825,164782840,8.995,9.1035,8.4075
01/02/2019,9.3925,133375840,8.695,9.5575,8.6825
12/31/2018,9.26,108376840,9.34,9.42,9.0125
12/28/2018,9.055,152292000,9.25,9.5275,8.8417
12/27/2018,9.0925,170168680,8.65,9.1,8.03
12/26/2018,8.965,187796240,7.825,8.985,7.66
12/24/2018,7.5975,87800280,8,8.3225,7.58
12/21/2018,8.205,183905080,9.1625,9.3525,8.0524
12/20/2018,9.0825,159599320,9.3675,9.6957,8.6825
12/19/2018,9.4625,153233400,10.1775,10.6475,9.22
12/18/2018,10.2,78590720,10.27,10.5022,9.9425
12/17/2018,10.0325,99710360,10.6175,10.8725,9.7725
12/14/2018,10.725,77823840,11.2225,11.3325,10.6775
12/13/2018,11.6,81373280,11.825,11.9725,11.38
12/12/2018,11.5975,84093640,11.805,12.1325,11.5925
12/11/2018,11.3125,85430480,11.7325,11.75,11.0225
12/10/2018,11.1925,87927720,10.79,11.3387,10.455
12/07/2018,10.8525,111340200,11.9,12.105,10.75
12/06/2018,12.03,97632600,11.1025,12.055,10.9575
12/04/2018,11.8575,104325880,13.1375,13.2475,11.7675
12/03/2018,13.3225,74374000,13.52,13.575,13.0627
11/30/2018,12.6725,58094640,12.46,12.71,12.2825
11/29/2018,12.4125,64252880,12.38,12.6675,12.12
11/28/2018,12.5275,97118000,11.7,12.54,11.5
11/27/2018,11.4425,59408120,11.155,11.53,10.9725
11/26/2018,11.325,59650600,11.045,11.345,10.905
11/23/2018,10.5975,28439960,10.57,10.93,10.5625
11/21/2018,10.8375,57494760,11.0075,11.155,10.78
11/20/2018,10.6,101015160,10.43,11.06,10.175
11/19/2018,11.2225,92683800,12.23,12.2875,11.1
11/16/2018,12.4125,67014240,12.19,12.6,12.03
11/15/2018,12.55,84356640,11.8475,12.6525,11.5525
11/14/2018,11.9125,77585120,12.57,12.705,11.72
11/13/2018,12.2225,76698000,12.3675,12.875,12.1108
11/12/2018,12.2275,76169640,13.125,13.1973,12.1487
11/09/2018,13.405,68273200,13.73,13.82,13.0725
11/08/2018,14.1225,58615560,14.1975,14.33,13.915
11/07/2018,14.3675,68935080,13.6275,14.39,13.5425
11/06/2018,13.1575,55251920,12.8525,13.3825,12.8175
11/05/2018,12.885,50973840,13.02,13.035,12.44
11/02/2018,13.0125,87022400,13.4875,13.7325,12.7
11/01/2018,13.6225,62104880,13.1675,13.655,12.8603
10/31/2018,13.0525,89785720,12.8125,13.415,12.8125
10/30/2018,12.2275,91568440,11.56,12.2625,11.3925
10/29/2018,11.7725,108075440,12.995,13.15,10.96
10/26/2018,12.4375,122207360,12.1,13.2075,11.87
10/25/2018,13.485,75261360,12.7725,13.6925,12.6075
10/24/2018,12.23,101314240,14.1025,14.175,12.17
10/23/2018,14.155,88019240,13.5475,14.3689,13.0575
10/22/2018,14.3125,57296960,14.3525,14.645,13.9925
10/19/2018,14.1,67337320,14.4475,14.8475,13.9475
10/18/2018,14.1575,77977200,15.015,15.0325,13.9525
10/17/2018,15.2125,64866640,15.42,15.445,14.7375
10/16/2018,15.1625,61564880,14.41,15.2925,14.3375
10/15/2018,13.96,79509880,14.365,14.4275,13.8137
10/12/2018,14.5075,84090240,14.445,14.63,13.7
10/11/2018,13.3775,109717920,13.7525,14.3125,12.9575
10/10/2018,13.9425,120546640,15.7475,15.765,13.86
10/09/2018,16.02,51777320,15.9175,16.4,15.7975
10/08/2018,15.8975,59581760,15.96,16.3125,15.31
10/05/2018,16.1875,66273120,16.8,16.9575,15.705
10/04/2018,16.82,75173600,17.625,17.645,16.425
10/03/2018,17.8375,32927468,18.0025,18.125,17.7566
10/02/2018,17.785,32301308,17.84,18.19,17.66
10/01/2018,17.8875,34041000,18.125,18.2932,17.77
09/28/2018,17.785,30875756,17.66,17.9375,17.57
09/27/2018,17.8125,29210440,17.59,17.995,17.5575
09/26/2018,17.3325,35063752,17.365,17.8675,17.2775
09/25/2018,17.35,21534312,17.2475,17.3825,17.0775
09/24/2018,17.28,26275124,16.7775,17.2975,16.56
09/21/2018,17.1325,30052548,17.565,17.645,17.0775
09/20/2018,17.41,31213964,17.205,17.495,17.0903
09/19/2018,16.88,29051028,16.925,17.045,16.5475
09/18/2018,16.9175,36206124,16.56,17.1614,16.535
09/17/2018,16.525,35834064,17.155,17.2075,16.465
09/14/2018,17.2525,38326844,17.4475,17.535,17.0525
09/13/2018,17.385,37178696,17.175,17.505,17.1675
09/12/2018,16.885,44071920,16.9625,16.9975,16.4475
09/11/2018,17.0325,35132084,16.4425,17.12,16.325
09/10/2018,16.6625,27673744,16.7718,16.805,16.3825
09/07/2018,16.5175,38460720,16.34,16.9225,16.305
09/06/2018,16.6825,57649600,17.18,17.2325,16.345
09/05/2018,17.15,53767400,17.75,17.7575,16.98
09/04/2018,17.86,40034440,17.9175,18.0075,17.5577
08/31/2018,18.075,31504988,17.955,18.2375,17.892
08/30/2018,18.0225,43829640,18.015,18.3388,17.8363
08/29/2018,18.125,32780212,17.6025,18.15,17.5875
08/28/2018,17.5125,32487292,17.58,17.6425,17.41
08/27/2018,17.435,36255308,17.1975,17.4375,17.105
08/24/2018,16.925,31952932,16.6425,16.9675,16.625
08/23/2018,16.4675,35511512,16.4675,16.815,16.3927
08/22/2018,16.55,31548612,16.25,16.605,16.1977
08/21/2018,16.36,32958836,16.335,16.655,16.3025
08/20/2018,16.1925,33653972,16.3425,16.3575,16
08/17/2018,16.225,35064580,16.0975,16.355,15.8025
08/16/2018,16.2275,32408516,16.435,16.5375,16.1325
08/15/2018,16.08,57800280,16.31,16.45,15.77
08/14/2018,16.6875,30265764,16.565,16.7475,16.3075
08/13/2018,16.385,46187880,16.5225,16.8425,16.3625
08/10/2018,16.4325,42655720,16.49,16.6375,16.255
08/09/2018,16.825,27135208,16.825,17.025,16.7553
08/08/2018,16.84,31625952,16.74,16.9625,16.6002
08/07/2018,16.795,35862352,16.7625,16.9,16.6625
08/06/2018,16.6325,33955560,16.3125,16.6415,16.2475
08/03/2018,16.3325,36029848,16.2725,16.3475,16.075
08/02/2018,16.1875,46013400,15.225,16.25,15.21
08/01/2018,15.5675,34505280,15.5,15.7075,15.31
07/31/2018,15.3575,46955000,15.2175,15.5725,14.9775
07/30/2018,15.0575,50101560,15.7375,15.7533,14.83
07/27/2018,15.735,58992960,16.71,16.725,15.445
07/26/2018,16.42,55555160,16.48,16.635,16.3275
07/25/2018,17.17,37736044,16.505,17.2025,16.4917
07/24/2018,16.4825,47454000,16.7875,16.9625,16.2875
07/23/2018,16.275,30986680,15.9925,16.3075,15.8
07/20/2018,16.135,28693868,16.29,16.4575,16.0825
07/19/2018,16.1575,38040448,16.24,16.39,16.095
07/18/2018,16.4,23197312,16.5,16.5465,16.25
07/17/2018,16.505,37506928,15.7,16.6,15.695
07/16/2018,16.205,27583380,16.3275,16.4148,16.12
07/13/2018,16.315,33933756,16.27,16.4075,16.1475
07/12/2018,16.2675,40463480,15.6925,16.28,15.66
07/11/2018,15.5025,39760900,15.375,15.665,15.3225
07/10/2018,15.7325,32522744,15.7625,15.8375,15.57
07/09/2018,15.695,36091904,15.52,15.7125,15.3475
07/06/2018,15.27,37405972,14.7025,15.3225,14.63
07/05/2018,14.6125,32605372,14.3725,14.6475,14.1475
07/03/2018,14.095,28212780,14.755,14.77,14.057
07/02/2018,14.5975,41576280,13.915,14.615,13.82
06/29/2018,14.2775,39233756,14.4175,14.64,14.265
06/28/2018,14.2125,55392240,13.805,14.3525,13.7175
06/27/2018,13.8725,65679760,14.635,14.83,13.83
06/26/2018,14.4525,47006120,14.4325,14.6962,14.275
06/25/2018,14.295,85460600,14.905,14.9675,13.8725
06/22/2018,15.27,31048576,15.58,15.595,15.1525
06/21/2018,15.425,50995960,15.945,15.9975,15.3325
06/20/2018,15.835,39515404,15.715,16.0325,15.6825
06/19/2018,15.51,53620880,15.0475,15.515,14.905
06/18/2018,15.65,33698916,15.375,15.6875,15.23
06/15/2018,15.685,38806040,15.66,15.7725,15.45
06/14/2018,15.8425,45095840,15.595,15.915,15.5525
06/13/2018,15.375,35860424,15.45,15.7325,15.285
06/12/2018,15.3925,23740560,15.215,15.4325,15.1675
06/11/2018,15.1525,20261512,14.9975,15.265,14.99
06/08/2018,15.035,24610888,14.8075,15.0991,14.7078
06/07/2018,15.045,39147464,15.4225,15.43,14.8075
06/06/2018,15.4025,28562796,15.2,15.415,14.9702
06/05/2018,15.1525,27808316,15.1175,15.2275,14.9525
06/04/2018,14.9975,31869096,14.725,15.025,14.7047
06/01/2018,14.6225,38475908,14.1625,14.6442,14.1625
05/31/2018,13.9725,40436960,13.9825,14.245,13.86
05/30/2018,14.0025,35304928,13.85,14.07,13.7625
05/29/2018,13.71,47091360,13.6975,13.945,13.4575
05/25/2018,13.8875,31428032,13.8575,14.04,13.7675
05/24/2018,13.8525,35391248,13.86,13.9275,13.435
05/23/2018,13.8642,61328389,13.225,13.8725,13.2117
05/22/2018,13.5242,48205267,13.7692,13.8416,13.4651
05/21/2018,13.595,58349195,13.6683,13.8525,13.4168
05/18/2018,13.3617,42651833,13.4246,13.5583,13.3067
05/17/2018,13.5792,51314409,13.5942,13.8908,13.3775
05/16/2018,13.7342,44747586,13.5167,13.8333,13.5133
05/15/2018,13.4858,86881079,13.605,13.6283,13.2617
05/14/2018,13.9367,54472942,13.9625,14.2075,13.8751
05/11/2018,13.875,59774856,13.8458,13.9683,13.6917
05/10/2018,13.9167,59179428,13.625,13.945,13.595
05/09/2018,13.4967,57116675,13.15,13.5292,13.0083
05/08/2018,13.0592,63136597,13.0325,13.1617,12.7926
05/07/2018,13.1025,69309016,12.9883,13.2442,12.9483
05/04/2018,12.7983,92663569,11.9633,12.8875,11.9317
05/03/2018,12.1167,97705695,11.9542,12.2492,11.5375
05/02/2018,12.1158,71646557,12.4125,12.5208,12.0833
05/01/2018,12.3308,57781223,11.8383,12.3467,11.7608
04/30/2018,11.9425,80003684,12.2842,12.5083,11.8442
04/27/2018,12.2025,82361709,12.7067,12.7208,11.9933
04/26/2018,12.1742,69581620,11.8992,12.292,11.785
04/25/2018,11.4633,104137794,11.4733,11.6,10.99
04/24/2018,11.4183,106220562,12.3567,12.4242,11.18
04/23/2018,12.1958,61165848,12.4633,12.61,12
04/20/2018,12.2925,70175644,12.8125,12.8332,12.1583
04/19/2018,12.9117,64261058,13.0808,13.165,12.7704
04/18/2018,13.2725,58825728,13.2004,13.4125,13.0083
04/17/2018,13.1808,61878457,12.7604,13.2764,12.6958
04/16/2018,12.3883,58957704,12.3683,12.5325,12.1483
04/13/2018,12.1208,71094556,12.5008,12.5533,11.9717
04/12/2018,12.3033,70724656,12.125,12.4375,12.0825
04/11/2018,11.8867,71295917,11.8833,12.2808,11.8508
04/10/2018,12.09,97464687,11.8708,12.2125,11.6367
04/09/2018,11.3408,87476999,11.4117,12.0217,11.2958
04/06/2018,11.1183,115866094,11.6408,11.985,10.9517
04/05/2018,12.015,90243552,12.1817,12.2292,11.7633
04/04/2018,11.8292,107901511,10.6358,11.9317,10.6001
04/03/2018,11.295,110581352,11.2292,11.4333,10.6992
04/02/2018,10.9283,121995169,11.71,11.875,10.5642
03/29/2018,11.9933,98411259,11.5367,12.3083,11.2108
03/28/2018,11.3642,120379488,11.5642,11.9017,11.0833
03/27/2018,11.77,136361815,13.3242,13.3242,11.4308
03/26/2018,13.0183,91371337,12.4167,13.07,11.865
03/23/2018,11.7017,108634447,12.6833,12.8492,11.7017
03/22/2018,12.73,101414597,13.2,13.4666,12.6834
03/21/2018,13.7333,66089606,13.8333,14.2167,13.5621
03/20/2018,13.935,45053514,13.8367,14.0332,13.6808
03/19/2018,13.8333,96540699,14.3742,14.3742,13.4225
03/16/2018,14.76,38977636,14.9433,15.0566,14.7333
03/15/2018,14.8583,55254106,14.97,15.1508,14.72
03/14/2018,14.925,66655911,15.165,15.2108,14.7334
03/13/2018,14.9758,90767628,15.7758,15.8767,14.8213
03/12/2018,15.54,66164918,15.4583,15.6808,15.3617
03/09/2018,15.3108,73525553,14.7967,15.3108,14.7317
03/08/2018,14.4683,57041627,14.415,14.5183,14.2592
03/07/2018,14.2558,66690771,13.8408,14.2917,13.7683
03/06/2018,14.15,68398731,14.1817,14.3075,13.9
03/05/2018,13.9733,74279682,13.3575,14.0933,13.1967
03/02/2018,13.5483,96591159,12.7233,13.6117,12.565
03/01/2018,13.1858,125555810,13.8833,14.0683,12.8067
02/28/2018,13.8525,75631458,14.3725,14.5125,13.8383
02/27/2018,14.1367,86385359,14.6875,14.7658,14.1183
02/26/2018,14.6617,66771663,14.3175,14.6683,14.2862
02/23/2018,14.0958,71242588,13.605,14.105,13.4617
02/22/2018,13.3033,83126841,13.4942,13.6958,13.2012
02/21/2018,13.3008,87989483,13.6142,14.0175,13.2917
02/20/2018,13.4217,72722273,13.2017,13.77,13.1892
02/16/2018,13.355,85174102,13.4075,13.7892,13.2792
02/15/2018,13.5058,94964366,13.1667,13.5233,12.765
02/14/2018,12.835,83867086,11.9433,12.885,11.9308
02/13/2018,12.125,53826046,11.7692,12.2167,11.6973
02/12/2018,11.9792,87205787,11.7317,12.1992,11.4358
02/09/2018,11.3442,160007584,11.2667,11.5958,10.1
02/08/2018,10.8342,107515987,12.4942,12.5117,10.8333
02/07/2018,12.3667,87289235,12.755,13.1658,12.3667
02/06/2018,12.8758,119232828,11.4017,12.9167,11.2525
02/05/2018,11.9542,114031438,13.1458,13.8033,11.8842
02/02/2018,13.5142,90571596,14.2325,14.3187,13.4925
02/01/2018,14.3933,62856037,14.4358,14.85,14.24
01/31/2018,14.7625,54193186,14.8375,14.9215,14.5
01/30/2018,14.5825,66026570,14.5483,14.7791,14.3567
01/29/2018,14.965,65935442,15.0758,15.1783,14.8675
01/26/2018,15.1658,53129841,14.75,15.1658,14.6733
01/25/2018,14.5175,66448083,14.8392,14.85,14.3812
01/24/2018,14.5358,104272698,14.9175,15.0217,14.2877
01/23/2018,14.8367,64245770,14.6092,14.8725,14.5867
01/22/2018,14.47,51724041,13.9983,14.47,13.9625
01/19/2018,14.0317,42389885,14.0175,14.0917,13.8208
01/18/2018,13.8983,47046271,13.8242,13.9908,13.7258
01/17/2018,13.885,41019292,13.64,13.9542,13.4558
01/16/2018,13.4608,78129679,13.84,14.0558,13.34
01/12/2018,13.5658,44760282,13.2392,13.6175,13.2017
01/11/2018,13.2842,37323411,13.0892,13.2842,13.0279
01/10/2018,13.0233,47783263,12.9342,13.0283,12.7678
01/09/2018,13.1167,51963729,13.1867,13.2308,13
01/08/2018,13.1067,36052178,12.9608,13.1333,12.9483
01/05/2018,12.9625,41176792,12.7583,12.99,12.6925
01/04/2018,12.5825,34890014,12.6558,12.7008,12.5379
01/03/2018,12.5092,42276185,12.2025,12.555,12.2008
01/02/2018,12.1533,45712878,11.7417,12.1783,11.6575
12/29/2017,11.56,34182182,11.8267,11.8267,11.5517
12/28/2017,11.7825,23292057,11.855,11.8658,11.7481
12/27/2017,11.7508,22459809,11.7517,11.845,11.7167
12/26/2017,11.7508,24300118,11.7533,11.7933,11.6158
12/22/2017,11.9442,21236288,11.9333,11.9575,11.8433
12/21/2017,11.9842,33179305,12.0325,12.1425,11.9433
12/20/2017,11.99,35254670,12.155,12.16,11.8408
12/19/2017,12.04,49130240,12.1733,12.2125,11.9275
12/18/2017,12.2392,40474588,12.1675,12.2742,12.1167
12/15/2017,11.9325,55768414,11.6917,11.9842,11.6283
12/14/2017,11.5567,35367770,11.6408,11.7242,11.5125
12/13/2017,11.5733,41577281,11.6467,11.69,11.5317
12/12/2017,11.5158,36638919,11.5425,11.6183,11.4433
12/11/2017,11.5592,35609162,11.3175,11.5733,11.3125
12/08/2017,11.3,44080038,11.4,11.4817,11.25
12/07/2017,11.1525,37895067,11.05,11.25,11.0075
12/06/2017,11.0433,47101423,10.7783,11.0958,10.7383
12/05/2017,10.8992,57358187,10.8642,11.2742,10.7458
12/04/2017,10.8833,82253097,11.4933,11.5192,10.8492
12/01/2017,11.2725,85064242,11.2042,11.4358,10.7742
11/30/2017,11.425,59197416,11.2883,11.4866,11.2042
11/29/2017,11.1483,103906518,11.7233,11.7233,10.98
11/28/2017,11.7525,35035838,11.7458,11.7792,11.5592
11/27/2017,11.6667,33255889,11.6708,11.7517,11.59
11/24/2017,11.6858,19975844,11.6,11.695,11.5783
11/22/2017,11.5558,30001200,11.5508,11.5921,11.4858
11/21/2017,11.51,35217362,11.3142,11.5333,11.3025
11/20/2017,11.1583,24913510,11.2033,11.2417,11.1133
11/17/2017,11.1858,34376390,11.3242,11.3467,11.1558
11/16/2017,11.3125,40311832,11.0758,11.3925,11.0703
11/15/2017,10.9042,40093396,10.925,10.9958,10.73
11/14/2017,11.0667,45090570,11.0667,11.1033,10.9033
11/13/2017,11.1792,37428063,11.0283,11.2283,11.0192
11/10/2017,11.1458,32915941,11.0742,11.1717,11.0117
11/09/2017,11.1492,81480501,11.055,11.1667,10.8042
11/08/2017,11.3308,34132118,11.18,11.3378,11.1383
11/07/2017,11.1908,46577599,11.1475,11.2408,11.08
11/06/2017,11.1725,37969755,11.0408,11.19,11.0275
11/03/2017,11.06,43292009,10.8742,11.0723,10.7642
11/02/2017,10.76,45361098,10.7825,10.7975,10.5375
11/01/2017,10.815,41308757,10.965,10.98,10.6958
10/31/2017,10.8292,30024960,10.8117,10.8795,10.7258
10/30/2017,10.7158,48239983,10.6133,10.8397,10.59
10/27/2017,10.64,73819602,10.2617,10.6992,10.2358
10/26/2017,9.7958,35902226,9.8733,9.9393,9.7817
10/25/2017,9.8875,44497050,9.9417,10.0404,9.6642
10/24/2017,10.0092,29372904,10.0058,10.0642,9.8924
10/23/2017,9.9583,30518040,10.2117,10.2142,9.9108
10/20/2017,10.1475,33275749,10.195,10.2192,10.1172
10/19/2017,10.0742,40284484,10.0117,10.075,9.86
10/18/2017,10.1867,28904736,10.2542,10.2558,10.1442
10/17/2017,10.2258,30011940,10.1775,10.2292,10.13
10/16/2017,10.19,28440299,10.1617,10.195,10.0942
10/13/2017,10.0858,24237226,10.0892,10.12,10.0542
10/12/2017,9.9742,32723209,9.9858,10.09,9.9383
10/11/2017,10.0283,29828220,9.9292,10.0333,9.8878
10/10/2017,9.9417,35843642,10.015,10.0475,9.8092
10/09/2017,9.9208,34400246,9.9917,10.0217,9.8808
10/06/2017,9.9458,42963557,9.8167,9.95,9.8125
10/05/2017,9.91,47088127,9.745,9.926,9.7042
10/04/2017,9.6325,44906430,9.5517,9.6925,9.5258
10/03/2017,9.6075,31166124,9.5833,9.6401,9.5208
10/02/2017,9.5475,45960138,9.57,9.6642,9.42
09/29/2017,9.5208,44112450,9.38,9.5408,9.305
09/28/2017,9.3233,32066713,9.2717,9.35,9.2033
09/27/2017,9.3392,55505458,9.2375,9.4383,9.1667
09/26/2017,9.0925,47438983,9.1617,9.2117,8.9975
09/25/2017,9.0308,67631787,9.2092,9.2232,8.8875
09/22/2017,9.3233,31066416,9.2542,9.3608,9.23
09/21/2017,9.3467,42364793,9.5017,9.505,9.25
09/20/2017,9.53,53557869,9.605,9.6333,9.305
09/19/2017,9.61,28432703,9.6142,9.6548,9.5158
09/18/2017,9.5692,45625314,9.6342,9.7267,9.4792
09/15/2017,9.5925,39565096,9.5058,9.7092,9.4567
09/14/2017,9.5158,35975450,9.5725,9.6508,9.4917
09/13/2017,9.6792,25601014,9.5833,9.6817,9.545
09/12/2017,9.6392,36667059,9.65,9.6805,9.5058
09/11/2017,9.5583,42553589,9.4725,9.6192,9.4692
09/08/2017,9.2633,41210584,9.4617,9.4783,9.2292
09/07/2017,9.4975,36772983,9.4942,9.575,9.4
09/06/2017,9.4392,42559349,9.4341,9.5025,9.2375
09/05/2017,9.3583,64674482,9.5242,9.5896,9.1392
09/01/2017,9.6158,35484050,9.6958,9.7327,9.5417
08/31/2017,9.6225,52703889,9.4325,9.6567,9.4175
08/30/2017,9.3567,52814589,9.0592,9.4,9.0433
08/29/2017,9.0433,42143693,8.7008,9.0833,8.68
08/28/2017,8.9333,31582897,8.9333,8.9983,8.8508
08/25/2017,8.8558,46245630,9.0067,9.0825,8.8225
08/24/2017,8.9158,48463939,9.0567,9.0917,8.7583
08/23/2017,8.9908,41587145,8.9433,9.0533,8.9317
08/22/2017,9.0925,46836427,8.8333,9.1192,8.8292
08/21/2017,8.705,43126661,8.7358,8.7867,8.5333
08/18/2017,8.7208,64786838,8.765,8.9092,8.625
08/17/2017,8.7517,78980120,9.2117,9.2567,8.75
08/16/2017,9.325,48989612,9.3417,9.4542,9.2325
08/15/2017,9.2767,35953598,9.3117,9.3304,9.2008
08/14/2017,9.26,47504839,9.1208,9.3,9.1183
08/11/2017,8.9133,52593393,8.7567,8.9725,8.6949
08/10/2017,8.7142,81396285,9.1625,9.1792,8.6925
08/09/2017,9.3192,49438904,9.1267,9.3308,9.0617
08/08/2017,9.3558,51563001,9.3492,9.5833,9.2758
08/07/2017,9.3908,27291227,9.2817,9.4058,9.2417
08/04/2017,9.2275,35676230,9.2458,9.2975,9.1217
08/03/2017,9.1917,36213074,9.3233,9.3267,9.1342
08/02/2017,9.2883,55083262,9.395,9.4042,9.0367
08/01/2017,9.2208,30333672,9.2525,9.26,9.1375
07/31/2017,9.1608,44185338,9.3575,9.3933,9.0992
07/28/2017,9.2817,34941446,9.1475,9.3242,9.0892
07/27/2017,9.3117,94336850,9.6717,9.6958,8.9717
07/26/2017,9.4808,29972232,9.4567,9.4983,9.4167
07/25/2017,9.3967,47038915,9.3725,9.4592,9.3158
07/24/2017,9.46,44220906,9.3358,9.4842,9.3008
07/21/2017,9.3383,43331693,9.2367,9.3392,9.1942
07/20/2017,9.3525,53953306,9.3858,9.405,9.2242
07/19/2017,9.3175,51936909,9.2292,9.3542,9.2225
07/18/2017,9.15,41990153,8.9533,9.1592,8.875
07/17/2017,8.9717,49962080,8.9958,9.0733,8.9275
07/14/2017,8.9667,42274241,8.8642,8.9983,8.7942
07/13/2017,8.7608,45657198,8.7375,8.8224,8.6842
07/12/2017,8.7033,52520565,8.615,8.73,8.5683
07/11/2017,8.4042,54229390,8.2992,8.4354,8.2058
07/10/2017,8.3358,45943662,8.1958,8.3958,8.1302
07/07/2017,8.165,44769618,8.0058,8.2417,8
07/06/2017,7.9275,53011509,7.9542,8.0575,7.8358
07/05/2017,8.1425,56864615,7.9775,8.2075,7.9042
07/03/2017,7.9167,40841920,8.2833,8.3092,7.8967
06/30/2017,8.1383,49256300,8.2375,8.3008,8.0908
06/29/2017,8.1667,115426402,8.4992,8.505,7.9167
06/28/2017,8.605,60125808,8.345,8.6318,8.2033
06/27/2017,8.2583,71710901,8.6375,8.6658,8.2583
06/26/2017,8.7392,52725357,9.0025,9.0558,8.6775
06/23/2017,8.8567,34356626,8.7275,8.8917,8.6567
06/22/2017,8.7583,34080518,8.8075,8.855,8.6917
06/21/2017,8.7683,41650649,8.5733,8.7767,8.5558
06/20/2017,8.5208,42711389,8.6975,8.7283,8.5092
06/19/2017,8.7183,54949162,8.5475,8.7465,8.5092
06/16/2017,8.3158,46897699,8.4,8.4058,8.2142
06/15/2017,8.4167,70417384,8.2708,8.445,8.115
06/14/2017,8.5317,68980528,8.7492,8.7492,8.3275
06/13/2017,8.6475,63129517,8.5817,8.6817,8.4529
06/12/2017,8.45,82869021,8.3667,8.4883,8.1195
06/09/2017,8.6058,116451011,9.31,9.3442,8.2217
06/08/2017,9.2767,45995646,9.3092,9.3233,9.1308
06/07/2017,9.2517,40415152,9.2167,9.275,9.0967
06/06/2017,9.1517,38747715,9.2233,9.3133,9.105
06/05/2017,9.2567,25646374,9.2567,9.305,9.2175
06/02/2017,9.2642,41598929,9.0467,9.2707,9.0075
06/01/2017,8.9583,36933783,8.905,8.9658,8.7958
05/31/2017,8.8525,48199027,8.9442,8.9633,8.7175
05/30/2017,8.8633,27576959,8.8233,8.8958,8.8142
05/26/2017,8.845,27388727,8.8008,8.8542,8.7675
05/25/2017,8.8075,43660757,8.6758,8.8636,8.6217
05/24/2017,8.5817,32640385,8.5358,8.5917,8.4692
05/23/2017,8.465,34378214,8.5133,8.5167,8.4017
05/22/2017,8.4442,32573413,8.2883,8.4542,8.2792
05/19/2017,8.2308,36240086,8.2117,8.3367,8.205
05/18/2017,8.1325,60072444,7.92,8.2108,7.8862
05/17/2017,7.9317,69657364,8.3792,8.4233,7.9206
05/16/2017,8.5808,38050887,8.5342,8.5817,8.4658
05/15/2017,8.4742,34594274,8.4042,8.4883,8.3825
05/12/2017,8.3958,29245920,8.3525,8.4008,8.3308
05/11/2017,8.3417,31114284,8.2942,8.3456,8.1775
05/10/2017,8.3617,27968147,8.3575,8.3692,8.2733
05/09/2017,8.3483,37782471,8.2967,8.4025,8.2787
05/08/2017,8.2575,30581724,8.2208,8.2608,8.1708
05/05/2017,8.2083,27127631,8.1783,8.2083,8.0908
05/04/2017,8.12,36251199,8.1158,8.1533,8.0367
05/03/2017,8.1117,36592239,8.1425,8.1434,8.0458
05/02/2017,8.1925,29961072,8.1842,8.2042,8.1216
05/01/2017,8.1442,32239609,8.0175,8.185,8.0075
04/28/2017,7.9442,34186754,7.995,8.0042,7.9042
04/27/2017,7.8992,28664831,7.8217,7.9,7.8025
04/26/2017,7.7633,43601777,7.805,7.8608,7.7467
04/25/2017,7.7975,31862293,7.7042,7.8358,7.6865
04/24/2017,7.6283,29797260,7.6042,7.65,7.5717
04/21/2017,7.3608,26992631,7.3883,7.3975,7.3101
04/20/2017,7.3642,41165980,7.2775,7.4167,7.2442
04/19/2017,7.19,28746599,7.2475,7.3183,7.16
04/18/2017,7.165,25273474,7.1192,7.2232,7.1058
04/17/2017,7.1858,17965279,7.0783,7.195,7.0704
04/13/2017,7.0192,30672180,7.075,7.1975,7.015
04/12/2017,7.1033,33982442,7.19,7.205,7.0817
04/11/2017,7.1983,42610541,7.2617,7.2983,7.0358
04/10/2017,7.29,24053902,7.3067,7.3775,7.2275
04/07/2017,7.2817,20764736,7.285,7.3475,7.2025
04/06/2017,7.29,30796344,7.3092,7.3508,7.2375
04/05/2017,7.2842,36532539,7.4042,7.5317,7.2408
04/04/2017,7.3683,16153098,7.2708,7.3742,7.2658
04/03/2017,7.335,32119129,7.3725,7.4233,7.2182
03/31/2017,7.3508,27052511,7.3358,7.41,7.3117
03/30/2017,7.3683,26389571,7.3292,7.3925,7.305
03/29/2017,7.3317,24023626,7.2425,7.3417,7.2258
03/28/2017,7.2358,41961017,7.1017,7.2975,7.0575
03/27/2017,7.1025,37325703,6.9208,7.1392,6.8692
03/24/2017,7.065,25648966,7.0933,7.1758,6.99
03/23/2017,7.0267,29469672,7.0575,7.1133,6.9933
03/22/2017,7.0833,35275394,6.9508,7.1025,6.9183
03/21/2017,6.9467,46616959,7.3517,7.375,6.93
03/20/2017,7.2708,18351223,7.2492,7.3225,7.2167
03/17/2017,7.2492,17627347,7.2833,7.3125,7.245
03/16/2017,7.2667,19373384,7.3208,7.3208,7.2142
03/15/2017,7.2708,31873549,7.195,7.3267,7.1208
03/14/2017,7.1458,26379419,7.15,7.1608,7.06
03/13/2017,7.1992,16841539,7.1508,7.2058,7.1442
03/10/2017,7.1575,25419898,7.1708,7.1967,7.076
03/09/2017,7.08,21726729,7.0567,7.1057,6.9642
03/08/2017,7.0583,19293332,7.04,7.1267,7.0158
03/07/2017,7.0225,17667727,7.0125,7.1167,6.9892
03/06/2017,7.0575,19197080,7.03,7.0967,6.9758
03/03/2017,7.1067,17319415,7.0533,7.1167,6.9992
03/02/2017,7.07,21398301,7.18,7.18,7.0467
03/01/2017,7.1833,31545553,7.08,7.2167,7.0467
02/28/2017,6.9583,20462840,7.0142,7.0208,6.895
02/27/2017,7.0133,26131690,6.9558,7.0175,6.9176
02/24/2017,6.9925,25338586,6.855,6.9925,6.85
02/23/2017,6.955,31211724,7.0617,7.0625,6.8683
02/22/2017,7.0308,21418089,7.0083,7.0485,6.9717
02/21/2017,7.03,33230749,6.9683,7.04,6.9525
02/17/2017,6.92,25752202,6.8058,6.925,6.8017
02/16/2017,6.8342,31742797,6.8567,6.8971,6.785
02/15/2017,6.84,36681339,6.7158,6.8533,6.7
02/14/2017,6.7242,31259401,6.6658,6.7267,6.6033
02/13/2017,6.6617,21370329,6.6083,6.6858,6.5983
02/10/2017,6.5467,23932078,6.5275,6.575,6.4942
02/09/2017,6.4825,25459762,6.4333,6.5271,6.4233
02/08/2017,6.4158,18429403,6.3575,6.4408,6.3221
02/07/2017,6.38,23093673,6.3483,6.4242,6.3386
